"","interaction_id","node_from","node_to","date","direction","type","method","attr_id","value","geom","public","network_id","created_at","updated_at","attribute.id","attribute.name","attribute.description","attribute.unit","attribute.created_at","attribute.updated_at"
"1",66308,14350,14363,"1993-07-01T00:00:00.000Z","directed","predation","observation",12,0.007045757,NA,TRUE,1102,"2019-02-26T23:22:55.988Z","2019-02-26T23:22:55.988Z",12,"dietary matrix","Proportions of the consumer diets made up by the prey.",NA,"2019-02-23T17:04:25.350Z","2019-02-23T17:04:25.350Z"
"2",66371,14358,14358,"1993-07-01T00:00:00.000Z","directed","predation","observation",12,0.058692813,NA,TRUE,1102,"2019-02-26T23:22:59.500Z","2019-02-26T23:22:59.500Z",12,"dietary matrix","Proportions of the consumer diets made up by the prey.",NA,"2019-02-23T17:04:25.350Z","2019-02-23T17:04:25.350Z"
"3",66237,14344,14344,"1993-07-01T00:00:00.000Z","directed","predation","observation",12,0.084021851,NA,TRUE,1102,"2019-02-26T23:22:51.780Z","2019-02-26T23:22:51.780Z",12,"dietary matrix","Proportions of the consumer diets made up by the prey.",NA,"2019-02-23T17:04:25.350Z","2019-02-23T17:04:25.350Z"
"4",66238,14344,14359,"1993-07-01T00:00:00.000Z","directed","predation","observation",12,0.170404827,NA,TRUE,1102,"2019-02-26T23:22:51.879Z","2019-02-26T23:22:51.879Z",12,"dietary matrix","Proportions of the consumer diets made up by the prey.",NA,"2019-02-23T17:04:25.350Z","2019-02-23T17:04:25.350Z"
"5",66239,14344,14350,"1993-07-01T00:00:00.000Z","directed","predation","observation",12,0.06937356,NA,TRUE,1102,"2019-02-26T23:22:51.934Z","2019-02-26T23:22:51.934Z",12,"dietary matrix","Proportions of the consumer diets made up by the prey.",NA,"2019-02-23T17:04:25.350Z","2019-02-23T17:04:25.350Z"
"6",66240,14344,14351,"1993-07-01T00:00:00.000Z","directed","predation","observation",12,0.001133961,NA,TRUE,1102,"2019-02-26T23:22:52.013Z","2019-02-26T23:22:52.013Z",12,"dietary matrix","Proportions of the consumer diets made up by the prey.",NA,"2019-02-23T17:04:25.350Z","2019-02-23T17:04:25.350Z"
"7",66241,14344,14353,"1993-07-01T00:00:00.000Z","directed","predation","observation",12,0.029886863,NA,TRUE,1102,"2019-02-26T23:22:52.062Z","2019-02-26T23:22:52.062Z",12,"dietary matrix","Proportions of the consumer diets made up by the prey.",NA,"2019-02-23T17:04:25.350Z","2019-02-23T17:04:25.350Z"
"8",66242,14344,14354,"1993-07-01T00:00:00.000Z","directed","predation","observation",12,0.078724855,NA,TRUE,1102,"2019-02-26T23:22:52.119Z","2019-02-26T23:22:52.119Z",12,"dietary matrix","Proportions of the consumer diets made up by the prey.",NA,"2019-02-23T17:04:25.350Z","2019-02-23T17:04:25.350Z"
"9",66243,14344,14355,"1993-07-01T00:00:00.000Z","directed","predation","observation",12,0.062072716,NA,TRUE,1102,"2019-02-26T23:22:52.181Z","2019-02-26T23:22:52.181Z",12,"dietary matrix","Proportions of the consumer diets made up by the prey.",NA,"2019-02-23T17:04:25.350Z","2019-02-23T17:04:25.350Z"
"10",66244,14344,14356,"1993-07-01T00:00:00.000Z","directed","predation","observation",12,0.003430465,NA,TRUE,1102,"2019-02-26T23:22:52.235Z","2019-02-26T23:22:52.235Z",12,"dietary matrix","Proportions of the consumer diets made up by the prey.",NA,"2019-02-23T17:04:25.350Z","2019-02-23T17:04:25.350Z"
"11",66245,14344,14357,"1993-07-01T00:00:00.000Z","directed","predation","observation",12,0.061435833,NA,TRUE,1102,"2019-02-26T23:22:52.291Z","2019-02-26T23:22:52.291Z",12,"dietary matrix","Proportions of the consumer diets made up by the prey.",NA,"2019-02-23T17:04:25.350Z","2019-02-23T17:04:25.350Z"
"12",66246,14344,14358,"1993-07-01T00:00:00.000Z","directed","predation","observation",12,0.169653151,NA,TRUE,1102,"2019-02-26T23:22:52.340Z","2019-02-26T23:22:52.340Z",12,"dietary matrix","Proportions of the consumer diets made up by the prey.",NA,"2019-02-23T17:04:25.350Z","2019-02-23T17:04:25.350Z"
"13",66247,14344,14360,"1993-07-01T00:00:00.000Z","directed","predation","observation",12,3.88343e-06,NA,TRUE,1102,"2019-02-26T23:22:52.397Z","2019-02-26T23:22:52.397Z",12,"dietary matrix","Proportions of the consumer diets made up by the prey.",NA,"2019-02-23T17:04:25.350Z","2019-02-23T17:04:25.350Z"
"14",66249,14344,14362,"1993-07-01T00:00:00.000Z","directed","predation","observation",12,0.008702932,NA,TRUE,1102,"2019-02-26T23:22:52.505Z","2019-02-26T23:22:52.505Z",12,"dietary matrix","Proportions of the consumer diets made up by the prey.",NA,"2019-02-23T17:04:25.350Z","2019-02-23T17:04:25.350Z"
"15",66250,14344,14363,"1993-07-01T00:00:00.000Z","directed","predation","observation",12,0.130864028,NA,TRUE,1102,"2019-02-26T23:22:52.565Z","2019-02-26T23:22:52.565Z",12,"dietary matrix","Proportions of the consumer diets made up by the prey.",NA,"2019-02-23T17:04:25.350Z","2019-02-23T17:04:25.350Z"
"16",66251,14344,14364,"1993-07-01T00:00:00.000Z","directed","predation","observation",12,0.000555003,NA,TRUE,1102,"2019-02-26T23:22:52.624Z","2019-02-26T23:22:52.624Z",12,"dietary matrix","Proportions of the consumer diets made up by the prey.",NA,"2019-02-23T17:04:25.350Z","2019-02-23T17:04:25.350Z"
"17",66252,14344,14365,"1993-07-01T00:00:00.000Z","directed","predation","observation",12,0.004611301,NA,TRUE,1102,"2019-02-26T23:22:52.694Z","2019-02-26T23:22:52.694Z",12,"dietary matrix","Proportions of the consumer diets made up by the prey.",NA,"2019-02-23T17:04:25.350Z","2019-02-23T17:04:25.350Z"
"18",66253,14345,14358,"1993-07-01T00:00:00.000Z","directed","predation","observation",12,0.008281678,NA,TRUE,1102,"2019-02-26T23:22:52.750Z","2019-02-26T23:22:52.750Z",12,"dietary matrix","Proportions of the consumer diets made up by the prey.",NA,"2019-02-23T17:04:25.350Z","2019-02-23T17:04:25.350Z"
"19",66254,14345,14361,"1993-07-01T00:00:00.000Z","directed","predation","observation",12,0.25345275,NA,TRUE,1102,"2019-02-26T23:22:52.813Z","2019-02-26T23:22:52.813Z",12,"dietary matrix","Proportions of the consumer diets made up by the prey.",NA,"2019-02-23T17:04:25.350Z","2019-02-23T17:04:25.350Z"
"20",66255,14345,14362,"1993-07-01T00:00:00.000Z","directed","predation","observation",12,0.352602211,NA,TRUE,1102,"2019-02-26T23:22:52.903Z","2019-02-26T23:22:52.903Z",12,"dietary matrix","Proportions of the consumer diets made up by the prey.",NA,"2019-02-23T17:04:25.350Z","2019-02-23T17:04:25.350Z"
"21",66256,14345,14363,"1993-07-01T00:00:00.000Z","directed","predation","observation",12,0.002227126,NA,TRUE,1102,"2019-02-26T23:22:52.972Z","2019-02-26T23:22:52.972Z",12,"dietary matrix","Proportions of the consumer diets made up by the prey.",NA,"2019-02-23T17:04:25.350Z","2019-02-23T17:04:25.350Z"
"22",66257,14345,14364,"1993-07-01T00:00:00.000Z","directed","predation","observation",12,0.007256408,NA,TRUE,1102,"2019-02-26T23:22:53.021Z","2019-02-26T23:22:53.021Z",12,"dietary matrix","Proportions of the consumer diets made up by the prey.",NA,"2019-02-23T17:04:25.350Z","2019-02-23T17:04:25.350Z"
"23",66258,14345,14365,"1993-07-01T00:00:00.000Z","directed","predation","observation",12,0.376179827,NA,TRUE,1102,"2019-02-26T23:22:53.069Z","2019-02-26T23:22:53.069Z",12,"dietary matrix","Proportions of the consumer diets made up by the prey.",NA,"2019-02-23T17:04:25.350Z","2019-02-23T17:04:25.350Z"
"24",66259,14346,14359,"1993-07-01T00:00:00.000Z","directed","predation","observation",12,0.008654072,NA,TRUE,1102,"2019-02-26T23:22:53.121Z","2019-02-26T23:22:53.121Z",12,"dietary matrix","Proportions of the consumer diets made up by the prey.",NA,"2019-02-23T17:04:25.350Z","2019-02-23T17:04:25.350Z"
"25",66260,14346,14355,"1993-07-01T00:00:00.000Z","directed","predation","observation",12,0.101867128,NA,TRUE,1102,"2019-02-26T23:22:53.181Z","2019-02-26T23:22:53.181Z",12,"dietary matrix","Proportions of the consumer diets made up by the prey.",NA,"2019-02-23T17:04:25.350Z","2019-02-23T17:04:25.350Z"
"26",66261,14346,14358,"1993-07-01T00:00:00.000Z","directed","predation","observation",12,0.007199846,NA,TRUE,1102,"2019-02-26T23:22:53.243Z","2019-02-26T23:22:53.243Z",12,"dietary matrix","Proportions of the consumer diets made up by the prey.",NA,"2019-02-23T17:04:25.350Z","2019-02-23T17:04:25.350Z"
"27",66262,14346,14360,"1993-07-01T00:00:00.000Z","directed","predation","observation",12,5.63156e-05,NA,TRUE,1102,"2019-02-26T23:22:53.296Z","2019-02-26T23:22:53.296Z",12,"dietary matrix","Proportions of the consumer diets made up by the prey.",NA,"2019-02-23T17:04:25.350Z","2019-02-23T17:04:25.350Z"
"28",66263,14346,14361,"1993-07-01T00:00:00.000Z","directed","predation","observation",12,0.093815373,NA,TRUE,1102,"2019-02-26T23:22:53.343Z","2019-02-26T23:22:53.343Z",12,"dietary matrix","Proportions of the consumer diets made up by the prey.",NA,"2019-02-23T17:04:25.350Z","2019-02-23T17:04:25.350Z"
"29",66264,14346,14362,"1993-07-01T00:00:00.000Z","directed","predation","observation",12,0.468964757,NA,TRUE,1102,"2019-02-26T23:22:53.418Z","2019-02-26T23:22:53.418Z",12,"dietary matrix","Proportions of the consumer diets made up by the prey.",NA,"2019-02-23T17:04:25.350Z","2019-02-23T17:04:25.350Z"
"30",66265,14346,14363,"1993-07-01T00:00:00.000Z","directed","predation","observation",12,0.006994663,NA,TRUE,1102,"2019-02-26T23:22:53.473Z","2019-02-26T23:22:53.473Z",12,"dietary matrix","Proportions of the consumer diets made up by the prey.",NA,"2019-02-23T17:04:25.350Z","2019-02-23T17:04:25.350Z"
"31",66266,14346,14364,"1993-07-01T00:00:00.000Z","directed","predation","observation",12,0.104878605,NA,TRUE,1102,"2019-02-26T23:22:53.521Z","2019-02-26T23:22:53.521Z",12,"dietary matrix","Proportions of the consumer diets made up by the prey.",NA,"2019-02-23T17:04:25.350Z","2019-02-23T17:04:25.350Z"
"32",66267,14346,14365,"1993-07-01T00:00:00.000Z","directed","predation","observation",12,0.207541295,NA,TRUE,1102,"2019-02-26T23:22:53.573Z","2019-02-26T23:22:53.573Z",12,"dietary matrix","Proportions of the consumer diets made up by the prey.",NA,"2019-02-23T17:04:25.350Z","2019-02-23T17:04:25.350Z"
"33",66268,14346,14366,"1993-07-01T00:00:00.000Z","directed","herbivory","observation",12,2.7945e-05,NA,TRUE,1102,"2019-02-26T23:22:53.627Z","2019-02-26T23:22:53.627Z",12,"dietary matrix","Proportions of the consumer diets made up by the prey.",NA,"2019-02-23T17:04:25.350Z","2019-02-23T17:04:25.350Z"
"34",66269,14347,14355,"1993-07-01T00:00:00.000Z","directed","predation","observation",12,0.026438921,NA,TRUE,1102,"2019-02-26T23:22:53.675Z","2019-02-26T23:22:53.675Z",12,"dietary matrix","Proportions of the consumer diets made up by the prey.",NA,"2019-02-23T17:04:25.350Z","2019-02-23T17:04:25.350Z"
"35",66270,14347,14358,"1993-07-01T00:00:00.000Z","directed","predation","observation",12,3.13128e-06,NA,TRUE,1102,"2019-02-26T23:22:53.738Z","2019-02-26T23:22:53.738Z",12,"dietary matrix","Proportions of the consumer diets made up by the prey.",NA,"2019-02-23T17:04:25.350Z","2019-02-23T17:04:25.350Z"
"36",66271,14347,14361,"1993-07-01T00:00:00.000Z","directed","predation","observation",12,0.004995165,NA,TRUE,1102,"2019-02-26T23:22:53.813Z","2019-02-26T23:22:53.813Z",12,"dietary matrix","Proportions of the consumer diets made up by the prey.",NA,"2019-02-23T17:04:25.350Z","2019-02-23T17:04:25.350Z"
"37",66272,14347,14362,"1993-07-01T00:00:00.000Z","directed","predation","observation",12,0.029519129,NA,TRUE,1102,"2019-02-26T23:22:53.872Z","2019-02-26T23:22:53.872Z",12,"dietary matrix","Proportions of the consumer diets made up by the prey.",NA,"2019-02-23T17:04:25.350Z","2019-02-23T17:04:25.350Z"
"38",66273,14347,14363,"1993-07-01T00:00:00.000Z","directed","predation","observation",12,0.938252046,NA,TRUE,1102,"2019-02-26T23:22:53.953Z","2019-02-26T23:22:53.953Z",12,"dietary matrix","Proportions of the consumer diets made up by the prey.",NA,"2019-02-23T17:04:25.350Z","2019-02-23T17:04:25.350Z"
"39",66274,14347,14364,"1993-07-01T00:00:00.000Z","directed","predation","observation",12,0.000696883,NA,TRUE,1102,"2019-02-26T23:22:54.011Z","2019-02-26T23:22:54.011Z",12,"dietary matrix","Proportions of the consumer diets made up by the prey.",NA,"2019-02-23T17:04:25.350Z","2019-02-23T17:04:25.350Z"
"40",66275,14347,14365,"1993-07-01T00:00:00.000Z","directed","predation","observation",12,3.54831e-05,NA,TRUE,1102,"2019-02-26T23:22:54.065Z","2019-02-26T23:22:54.065Z",12,"dietary matrix","Proportions of the consumer diets made up by the prey.",NA,"2019-02-23T17:04:25.350Z","2019-02-23T17:04:25.350Z"
"41",66276,14347,14366,"1993-07-01T00:00:00.000Z","directed","herbivory","observation",12,5.92413e-05,NA,TRUE,1102,"2019-02-26T23:22:54.119Z","2019-02-26T23:22:54.119Z",12,"dietary matrix","Proportions of the consumer diets made up by the prey.",NA,"2019-02-23T17:04:25.350Z","2019-02-23T17:04:25.350Z"
"42",66277,14348,14359,"1993-07-01T00:00:00.000Z","directed","predation","observation",12,0.115668989,NA,TRUE,1102,"2019-02-26T23:22:54.173Z","2019-02-26T23:22:54.173Z",12,"dietary matrix","Proportions of the consumer diets made up by the prey.",NA,"2019-02-23T17:04:25.350Z","2019-02-23T17:04:25.350Z"
"43",66278,14348,14350,"1993-07-01T00:00:00.000Z","directed","predation","observation",12,0.000638926,NA,TRUE,1102,"2019-02-26T23:22:54.225Z","2019-02-26T23:22:54.225Z",12,"dietary matrix","Proportions of the consumer diets made up by the prey.",NA,"2019-02-23T17:04:25.350Z","2019-02-23T17:04:25.350Z"
"44",66279,14348,14352,"1993-07-01T00:00:00.000Z","directed","predation","observation",12,0.008629908,NA,TRUE,1102,"2019-02-26T23:22:54.277Z","2019-02-26T23:22:54.277Z",12,"dietary matrix","Proportions of the consumer diets made up by the prey.",NA,"2019-02-23T17:04:25.350Z","2019-02-23T17:04:25.350Z"
"45",66280,14348,14353,"1993-07-01T00:00:00.000Z","directed","predation","observation",12,0.023510276,NA,TRUE,1102,"2019-02-26T23:22:54.334Z","2019-02-26T23:22:54.334Z",12,"dietary matrix","Proportions of the consumer diets made up by the prey.",NA,"2019-02-23T17:04:25.350Z","2019-02-23T17:04:25.350Z"
"46",66281,14348,14354,"1993-07-01T00:00:00.000Z","directed","predation","observation",12,0.358675472,NA,TRUE,1102,"2019-02-26T23:22:54.388Z","2019-02-26T23:22:54.388Z",12,"dietary matrix","Proportions of the consumer diets made up by the prey.",NA,"2019-02-23T17:04:25.350Z","2019-02-23T17:04:25.350Z"
"47",66282,14348,14355,"1993-07-01T00:00:00.000Z","directed","predation","observation",12,0.150250645,NA,TRUE,1102,"2019-02-26T23:22:54.453Z","2019-02-26T23:22:54.453Z",12,"dietary matrix","Proportions of the consumer diets made up by the prey.",NA,"2019-02-23T17:04:25.350Z","2019-02-23T17:04:25.350Z"
"48",66283,14348,14356,"1993-07-01T00:00:00.000Z","directed","predation","observation",12,0.047574876,NA,TRUE,1102,"2019-02-26T23:22:54.505Z","2019-02-26T23:22:54.505Z",12,"dietary matrix","Proportions of the consumer diets made up by the prey.",NA,"2019-02-23T17:04:25.350Z","2019-02-23T17:04:25.350Z"
"49",66284,14348,14357,"1993-07-01T00:00:00.000Z","directed","predation","observation",12,0.044570602,NA,TRUE,1102,"2019-02-26T23:22:54.558Z","2019-02-26T23:22:54.558Z",12,"dietary matrix","Proportions of the consumer diets made up by the prey.",NA,"2019-02-23T17:04:25.350Z","2019-02-23T17:04:25.350Z"
"50",66285,14348,14358,"1993-07-01T00:00:00.000Z","directed","predation","observation",12,0.177372411,NA,TRUE,1102,"2019-02-26T23:22:54.631Z","2019-02-26T23:22:54.631Z",12,"dietary matrix","Proportions of the consumer diets made up by the prey.",NA,"2019-02-23T17:04:25.350Z","2019-02-23T17:04:25.350Z"
"51",66286,14348,14360,"1993-07-01T00:00:00.000Z","directed","predation","observation",12,0.000144777,NA,TRUE,1102,"2019-02-26T23:22:54.683Z","2019-02-26T23:22:54.683Z",12,"dietary matrix","Proportions of the consumer diets made up by the prey.",NA,"2019-02-23T17:04:25.350Z","2019-02-23T17:04:25.350Z"
"52",66287,14348,14361,"1993-07-01T00:00:00.000Z","directed","predation","observation",12,0.036671117,NA,TRUE,1102,"2019-02-26T23:22:54.737Z","2019-02-26T23:22:54.737Z",12,"dietary matrix","Proportions of the consumer diets made up by the prey.",NA,"2019-02-23T17:04:25.350Z","2019-02-23T17:04:25.350Z"
"53",66288,14348,14362,"1993-07-01T00:00:00.000Z","directed","predation","observation",12,0.01227767,NA,TRUE,1102,"2019-02-26T23:22:54.795Z","2019-02-26T23:22:54.795Z",12,"dietary matrix","Proportions of the consumer diets made up by the prey.",NA,"2019-02-23T17:04:25.350Z","2019-02-23T17:04:25.350Z"
"54",66289,14348,14363,"1993-07-01T00:00:00.000Z","directed","predation","observation",12,0.014262596,NA,TRUE,1102,"2019-02-26T23:22:54.844Z","2019-02-26T23:22:54.844Z",12,"dietary matrix","Proportions of the consumer diets made up by the prey.",NA,"2019-02-23T17:04:25.350Z","2019-02-23T17:04:25.350Z"
"55",66290,14348,14364,"1993-07-01T00:00:00.000Z","directed","predation","observation",12,0.007588035,NA,TRUE,1102,"2019-02-26T23:22:54.897Z","2019-02-26T23:22:54.897Z",12,"dietary matrix","Proportions of the consumer diets made up by the prey.",NA,"2019-02-23T17:04:25.350Z","2019-02-23T17:04:25.350Z"
"56",66291,14348,14365,"1993-07-01T00:00:00.000Z","directed","predation","observation",12,0.002161739,NA,TRUE,1102,"2019-02-26T23:22:54.949Z","2019-02-26T23:22:54.949Z",12,"dietary matrix","Proportions of the consumer diets made up by the prey.",NA,"2019-02-23T17:04:25.350Z","2019-02-23T17:04:25.350Z"
"57",66292,14348,14366,"1993-07-01T00:00:00.000Z","directed","herbivory","observation",12,1.96064e-06,NA,TRUE,1102,"2019-02-26T23:22:55.007Z","2019-02-26T23:22:55.007Z",12,"dietary matrix","Proportions of the consumer diets made up by the prey.",NA,"2019-02-23T17:04:25.350Z","2019-02-23T17:04:25.350Z"
"58",66293,14349,14352,"1993-07-01T00:00:00.000Z","directed","predation","observation",12,0.000810781,NA,TRUE,1102,"2019-02-26T23:22:55.113Z","2019-02-26T23:22:55.113Z",12,"dietary matrix","Proportions of the consumer diets made up by the prey.",NA,"2019-02-23T17:04:25.350Z","2019-02-23T17:04:25.350Z"
"59",66294,14349,14356,"1993-07-01T00:00:00.000Z","directed","predation","observation",12,0.079006128,NA,TRUE,1102,"2019-02-26T23:22:55.173Z","2019-02-26T23:22:55.173Z",12,"dietary matrix","Proportions of the consumer diets made up by the prey.",NA,"2019-02-23T17:04:25.350Z","2019-02-23T17:04:25.350Z"
"60",66295,14349,14358,"1993-07-01T00:00:00.000Z","directed","predation","observation",12,0.733603432,NA,TRUE,1102,"2019-02-26T23:22:55.228Z","2019-02-26T23:22:55.228Z",12,"dietary matrix","Proportions of the consumer diets made up by the prey.",NA,"2019-02-23T17:04:25.350Z","2019-02-23T17:04:25.350Z"
"61",66296,14349,14360,"1993-07-01T00:00:00.000Z","directed","predation","observation",12,0.000220713,NA,TRUE,1102,"2019-02-26T23:22:55.295Z","2019-02-26T23:22:55.295Z",12,"dietary matrix","Proportions of the consumer diets made up by the prey.",NA,"2019-02-23T17:04:25.350Z","2019-02-23T17:04:25.350Z"
"62",66297,14349,14361,"1993-07-01T00:00:00.000Z","directed","predation","observation",12,0.11262004,NA,TRUE,1102,"2019-02-26T23:22:55.347Z","2019-02-26T23:22:55.347Z",12,"dietary matrix","Proportions of the consumer diets made up by the prey.",NA,"2019-02-23T17:04:25.350Z","2019-02-23T17:04:25.350Z"
"63",66298,14349,14362,"1993-07-01T00:00:00.000Z","directed","predation","observation",12,0.067432169,NA,TRUE,1102,"2019-02-26T23:22:55.400Z","2019-02-26T23:22:55.400Z",12,"dietary matrix","Proportions of the consumer diets made up by the prey.",NA,"2019-02-23T17:04:25.350Z","2019-02-23T17:04:25.350Z"
"64",66299,14349,14364,"1993-07-01T00:00:00.000Z","directed","predation","observation",12,0.006262451,NA,TRUE,1102,"2019-02-26T23:22:55.463Z","2019-02-26T23:22:55.463Z",12,"dietary matrix","Proportions of the consumer diets made up by the prey.",NA,"2019-02-23T17:04:25.350Z","2019-02-23T17:04:25.350Z"
"65",66300,14349,14365,"1993-07-01T00:00:00.000Z","directed","predation","observation",12,4.42858e-05,NA,TRUE,1102,"2019-02-26T23:22:55.513Z","2019-02-26T23:22:55.513Z",12,"dietary matrix","Proportions of the consumer diets made up by the prey.",NA,"2019-02-23T17:04:25.350Z","2019-02-23T17:04:25.350Z"
"66",66301,14350,14359,"1993-07-01T00:00:00.000Z","directed","predation","observation",12,0.01388355,NA,TRUE,1102,"2019-02-26T23:22:55.604Z","2019-02-26T23:22:55.604Z",12,"dietary matrix","Proportions of the consumer diets made up by the prey.",NA,"2019-02-23T17:04:25.350Z","2019-02-23T17:04:25.350Z"
"67",66302,14350,14355,"1993-07-01T00:00:00.000Z","directed","predation","observation",12,0.262790199,NA,TRUE,1102,"2019-02-26T23:22:55.657Z","2019-02-26T23:22:55.657Z",12,"dietary matrix","Proportions of the consumer diets made up by the prey.",NA,"2019-02-23T17:04:25.350Z","2019-02-23T17:04:25.350Z"
"68",66303,14350,14356,"1993-07-01T00:00:00.000Z","directed","predation","observation",12,0.00027733,NA,TRUE,1102,"2019-02-26T23:22:55.718Z","2019-02-26T23:22:55.718Z",12,"dietary matrix","Proportions of the consumer diets made up by the prey.",NA,"2019-02-23T17:04:25.350Z","2019-02-23T17:04:25.350Z"
"69",66304,14350,14358,"1993-07-01T00:00:00.000Z","directed","predation","observation",12,0.023290686,NA,TRUE,1102,"2019-02-26T23:22:55.768Z","2019-02-26T23:22:55.768Z",12,"dietary matrix","Proportions of the consumer diets made up by the prey.",NA,"2019-02-23T17:04:25.350Z","2019-02-23T17:04:25.350Z"
"70",66305,14350,14360,"1993-07-01T00:00:00.000Z","directed","predation","observation",12,0.070933272,NA,TRUE,1102,"2019-02-26T23:22:55.824Z","2019-02-26T23:22:55.824Z",12,"dietary matrix","Proportions of the consumer diets made up by the prey.",NA,"2019-02-23T17:04:25.350Z","2019-02-23T17:04:25.350Z"
"71",66306,14350,14361,"1993-07-01T00:00:00.000Z","directed","predation","observation",12,0.082492031,NA,TRUE,1102,"2019-02-26T23:22:55.881Z","2019-02-26T23:22:55.881Z",12,"dietary matrix","Proportions of the consumer diets made up by the prey.",NA,"2019-02-23T17:04:25.350Z","2019-02-23T17:04:25.350Z"
"72",66307,14350,14362,"1993-07-01T00:00:00.000Z","directed","predation","observation",12,0.035694787,NA,TRUE,1102,"2019-02-26T23:22:55.930Z","2019-02-26T23:22:55.930Z",12,"dietary matrix","Proportions of the consumer diets made up by the prey.",NA,"2019-02-23T17:04:25.350Z","2019-02-23T17:04:25.350Z"
"73",66309,14350,14364,"1993-07-01T00:00:00.000Z","directed","predation","observation",12,0.503177831,NA,TRUE,1102,"2019-02-26T23:22:56.047Z","2019-02-26T23:22:56.047Z",12,"dietary matrix","Proportions of the consumer diets made up by the prey.",NA,"2019-02-23T17:04:25.350Z","2019-02-23T17:04:25.350Z"
"74",66310,14350,14365,"1993-07-01T00:00:00.000Z","directed","predation","observation",12,0.000414556,NA,TRUE,1102,"2019-02-26T23:22:56.121Z","2019-02-26T23:22:56.121Z",12,"dietary matrix","Proportions of the consumer diets made up by the prey.",NA,"2019-02-23T17:04:25.350Z","2019-02-23T17:04:25.350Z"
"75",66311,14351,14359,"1993-07-01T00:00:00.000Z","directed","predation","observation",12,0.143839231,NA,TRUE,1102,"2019-02-26T23:22:56.173Z","2019-02-26T23:22:56.173Z",12,"dietary matrix","Proportions of the consumer diets made up by the prey.",NA,"2019-02-23T17:04:25.350Z","2019-02-23T17:04:25.350Z"
"76",66312,14351,14349,"1993-07-01T00:00:00.000Z","directed","predation","observation",12,0.018600778,NA,TRUE,1102,"2019-02-26T23:22:56.225Z","2019-02-26T23:22:56.225Z",12,"dietary matrix","Proportions of the consumer diets made up by the prey.",NA,"2019-02-23T17:04:25.350Z","2019-02-23T17:04:25.350Z"
"77",66313,14351,14354,"1993-07-01T00:00:00.000Z","directed","predation","observation",12,0.006652833,NA,TRUE,1102,"2019-02-26T23:22:56.279Z","2019-02-26T23:22:56.279Z",12,"dietary matrix","Proportions of the consumer diets made up by the prey.",NA,"2019-02-23T17:04:25.350Z","2019-02-23T17:04:25.350Z"
"78",66314,14351,14355,"1993-07-01T00:00:00.000Z","directed","predation","observation",12,0.039450282,NA,TRUE,1102,"2019-02-26T23:22:56.337Z","2019-02-26T23:22:56.337Z",12,"dietary matrix","Proportions of the consumer diets made up by the prey.",NA,"2019-02-23T17:04:25.350Z","2019-02-23T17:04:25.350Z"
"79",66316,14351,14357,"1993-07-01T00:00:00.000Z","directed","predation","observation",12,0.054526756,NA,TRUE,1102,"2019-02-26T23:22:56.438Z","2019-02-26T23:22:56.438Z",12,"dietary matrix","Proportions of the consumer diets made up by the prey.",NA,"2019-02-23T17:04:25.350Z","2019-02-23T17:04:25.350Z"
"80",66317,14351,14358,"1993-07-01T00:00:00.000Z","directed","predation","observation",12,0.483953331,NA,TRUE,1102,"2019-02-26T23:22:56.491Z","2019-02-26T23:22:56.491Z",12,"dietary matrix","Proportions of the consumer diets made up by the prey.",NA,"2019-02-23T17:04:25.350Z","2019-02-23T17:04:25.350Z"
"81",66318,14351,14360,"1993-07-01T00:00:00.000Z","directed","predation","observation",12,0.046900776,NA,TRUE,1102,"2019-02-26T23:22:56.545Z","2019-02-26T23:22:56.545Z",12,"dietary matrix","Proportions of the consumer diets made up by the prey.",NA,"2019-02-23T17:04:25.350Z","2019-02-23T17:04:25.350Z"
"82",66319,14351,14361,"1993-07-01T00:00:00.000Z","directed","predation","observation",12,0.016826298,NA,TRUE,1102,"2019-02-26T23:22:56.594Z","2019-02-26T23:22:56.594Z",12,"dietary matrix","Proportions of the consumer diets made up by the prey.",NA,"2019-02-23T17:04:25.350Z","2019-02-23T17:04:25.350Z"
"83",66320,14351,14362,"1993-07-01T00:00:00.000Z","directed","predation","observation",12,0.010116977,NA,TRUE,1102,"2019-02-26T23:22:56.645Z","2019-02-26T23:22:56.645Z",12,"dietary matrix","Proportions of the consumer diets made up by the prey.",NA,"2019-02-23T17:04:25.350Z","2019-02-23T17:04:25.350Z"
"84",66321,14351,14363,"1993-07-01T00:00:00.000Z","directed","predation","observation",12,0.014937322,NA,TRUE,1102,"2019-02-26T23:22:56.697Z","2019-02-26T23:22:56.697Z",12,"dietary matrix","Proportions of the consumer diets made up by the prey.",NA,"2019-02-23T17:04:25.350Z","2019-02-23T17:04:25.350Z"
"85",66322,14351,14364,"1993-07-01T00:00:00.000Z","directed","predation","observation",12,0.003150251,NA,TRUE,1102,"2019-02-26T23:22:56.749Z","2019-02-26T23:22:56.749Z",12,"dietary matrix","Proportions of the consumer diets made up by the prey.",NA,"2019-02-23T17:04:25.350Z","2019-02-23T17:04:25.350Z"
"86",66323,14351,14365,"1993-07-01T00:00:00.000Z","directed","predation","observation",12,0.000879339,NA,TRUE,1102,"2019-02-26T23:22:56.794Z","2019-02-26T23:22:56.794Z",12,"dietary matrix","Proportions of the consumer diets made up by the prey.",NA,"2019-02-23T17:04:25.350Z","2019-02-23T17:04:25.350Z"
"87",66324,14352,14344,"1993-07-01T00:00:00.000Z","directed","predation","observation",12,0.002112233,NA,TRUE,1102,"2019-02-26T23:22:56.892Z","2019-02-26T23:22:56.892Z",12,"dietary matrix","Proportions of the consumer diets made up by the prey.",NA,"2019-02-23T17:04:25.350Z","2019-02-23T17:04:25.350Z"
"88",66325,14352,14359,"1993-07-01T00:00:00.000Z","directed","predation","observation",12,0.053214518,NA,TRUE,1102,"2019-02-26T23:22:56.943Z","2019-02-26T23:22:56.943Z",12,"dietary matrix","Proportions of the consumer diets made up by the prey.",NA,"2019-02-23T17:04:25.350Z","2019-02-23T17:04:25.350Z"
"89",66326,14352,14355,"1993-07-01T00:00:00.000Z","directed","predation","observation",12,0.071815907,NA,TRUE,1102,"2019-02-26T23:22:57.011Z","2019-02-26T23:22:57.011Z",12,"dietary matrix","Proportions of the consumer diets made up by the prey.",NA,"2019-02-23T17:04:25.350Z","2019-02-23T17:04:25.350Z"
"90",66327,14352,14356,"1993-07-01T00:00:00.000Z","directed","predation","observation",12,0.077061624,NA,TRUE,1102,"2019-02-26T23:22:57.111Z","2019-02-26T23:22:57.111Z",12,"dietary matrix","Proportions of the consumer diets made up by the prey.",NA,"2019-02-23T17:04:25.350Z","2019-02-23T17:04:25.350Z"
"91",66328,14352,14358,"1993-07-01T00:00:00.000Z","directed","predation","observation",12,0.192298186,NA,TRUE,1102,"2019-02-26T23:22:57.161Z","2019-02-26T23:22:57.161Z",12,"dietary matrix","Proportions of the consumer diets made up by the prey.",NA,"2019-02-23T17:04:25.350Z","2019-02-23T17:04:25.350Z"
"92",66329,14352,14360,"1993-07-01T00:00:00.000Z","directed","predation","observation",12,4.32626e-06,NA,TRUE,1102,"2019-02-26T23:22:57.234Z","2019-02-26T23:22:57.234Z",12,"dietary matrix","Proportions of the consumer diets made up by the prey.",NA,"2019-02-23T17:04:25.350Z","2019-02-23T17:04:25.350Z"
"93",66330,14352,14361,"1993-07-01T00:00:00.000Z","directed","predation","observation",12,0.157865611,NA,TRUE,1102,"2019-02-26T23:22:57.291Z","2019-02-26T23:22:57.291Z",12,"dietary matrix","Proportions of the consumer diets made up by the prey.",NA,"2019-02-23T17:04:25.350Z","2019-02-23T17:04:25.350Z"
"94",66331,14352,14362,"1993-07-01T00:00:00.000Z","directed","predation","observation",12,0.058313948,NA,TRUE,1102,"2019-02-26T23:22:57.339Z","2019-02-26T23:22:57.339Z",12,"dietary matrix","Proportions of the consumer diets made up by the prey.",NA,"2019-02-23T17:04:25.350Z","2019-02-23T17:04:25.350Z"
"95",66332,14352,14363,"1993-07-01T00:00:00.000Z","directed","predation","observation",12,0.371961497,NA,TRUE,1102,"2019-02-26T23:22:57.393Z","2019-02-26T23:22:57.393Z",12,"dietary matrix","Proportions of the consumer diets made up by the prey.",NA,"2019-02-23T17:04:25.350Z","2019-02-23T17:04:25.350Z"
"96",66333,14352,14364,"1993-07-01T00:00:00.000Z","directed","predation","observation",12,0.007655147,NA,TRUE,1102,"2019-02-26T23:22:57.441Z","2019-02-26T23:22:57.441Z",12,"dietary matrix","Proportions of the consumer diets made up by the prey.",NA,"2019-02-23T17:04:25.350Z","2019-02-23T17:04:25.350Z"
"97",66334,14352,14365,"1993-07-01T00:00:00.000Z","directed","predation","observation",12,0.00700633,NA,TRUE,1102,"2019-02-26T23:22:57.494Z","2019-02-26T23:22:57.494Z",12,"dietary matrix","Proportions of the consumer diets made up by the prey.",NA,"2019-02-23T17:04:25.350Z","2019-02-23T17:04:25.350Z"
"98",66335,14352,14366,"1993-07-01T00:00:00.000Z","directed","herbivory","observation",12,0.000690674,NA,TRUE,1102,"2019-02-26T23:22:57.559Z","2019-02-26T23:22:57.559Z",12,"dietary matrix","Proportions of the consumer diets made up by the prey.",NA,"2019-02-23T17:04:25.350Z","2019-02-23T17:04:25.350Z"
"99",66336,14353,14358,"1993-07-01T00:00:00.000Z","directed","predation","observation",12,0.064629586,NA,TRUE,1102,"2019-02-26T23:22:57.610Z","2019-02-26T23:22:57.610Z",12,"dietary matrix","Proportions of the consumer diets made up by the prey.",NA,"2019-02-23T17:04:25.350Z","2019-02-23T17:04:25.350Z"
"100",66337,14353,14361,"1993-07-01T00:00:00.000Z","directed","predation","observation",12,0.000639374,NA,TRUE,1102,"2019-02-26T23:22:57.661Z","2019-02-26T23:22:57.661Z",12,"dietary matrix","Proportions of the consumer diets made up by the prey.",NA,"2019-02-23T17:04:25.350Z","2019-02-23T17:04:25.350Z"
"101",66337,14353,14361,"1993-07-01T00:00:00.000Z","directed","predation","observation",12,0.000639374,NA,TRUE,1102,"2019-02-26T23:22:57.661Z","2019-02-26T23:22:57.661Z",12,"dietary matrix","Proportions of the consumer diets made up by the prey.",NA,"2019-02-23T17:04:25.350Z","2019-02-23T17:04:25.350Z"
"102",66338,14353,14362,"1993-07-01T00:00:00.000Z","directed","predation","observation",12,0.011940223,NA,TRUE,1102,"2019-02-26T23:22:57.718Z","2019-02-26T23:22:57.718Z",12,"dietary matrix","Proportions of the consumer diets made up by the prey.",NA,"2019-02-23T17:04:25.350Z","2019-02-23T17:04:25.350Z"
"103",66339,14353,14363,"1993-07-01T00:00:00.000Z","directed","predation","observation",12,0.54733951,NA,TRUE,1102,"2019-02-26T23:22:57.766Z","2019-02-26T23:22:57.766Z",12,"dietary matrix","Proportions of the consumer diets made up by the prey.",NA,"2019-02-23T17:04:25.350Z","2019-02-23T17:04:25.350Z"
"104",66340,14353,14364,"1993-07-01T00:00:00.000Z","directed","predation","observation",12,0.375358911,NA,TRUE,1102,"2019-02-26T23:22:57.821Z","2019-02-26T23:22:57.821Z",12,"dietary matrix","Proportions of the consumer diets made up by the prey.",NA,"2019-02-23T17:04:25.350Z","2019-02-23T17:04:25.350Z"
"105",66341,14353,14365,"1993-07-01T00:00:00.000Z","directed","predation","observation",12,9.23951e-05,NA,TRUE,1102,"2019-02-26T23:22:57.877Z","2019-02-26T23:22:57.877Z",12,"dietary matrix","Proportions of the consumer diets made up by the prey.",NA,"2019-02-23T17:04:25.350Z","2019-02-23T17:04:25.350Z"
"106",66342,14354,14359,"1993-07-01T00:00:00.000Z","directed","predation","observation",12,0.004247379,NA,TRUE,1102,"2019-02-26T23:22:57.943Z","2019-02-26T23:22:57.943Z",12,"dietary matrix","Proportions of the consumer diets made up by the prey.",NA,"2019-02-23T17:04:25.350Z","2019-02-23T17:04:25.350Z"
"107",66343,14354,14355,"1993-07-01T00:00:00.000Z","directed","predation","observation",12,0.005792874,NA,TRUE,1102,"2019-02-26T23:22:57.998Z","2019-02-26T23:22:57.998Z",12,"dietary matrix","Proportions of the consumer diets made up by the prey.",NA,"2019-02-23T17:04:25.350Z","2019-02-23T17:04:25.350Z"
"108",66344,14354,14358,"1993-07-01T00:00:00.000Z","directed","predation","observation",12,0.00123727,NA,TRUE,1102,"2019-02-26T23:22:58.047Z","2019-02-26T23:22:58.047Z",12,"dietary matrix","Proportions of the consumer diets made up by the prey.",NA,"2019-02-23T17:04:25.350Z","2019-02-23T17:04:25.350Z"
"109",66345,14354,14360,"1993-07-01T00:00:00.000Z","directed","predation","observation",12,0.310357024,NA,TRUE,1102,"2019-02-26T23:22:58.095Z","2019-02-26T23:22:58.095Z",12,"dietary matrix","Proportions of the consumer diets made up by the prey.",NA,"2019-02-23T17:04:25.350Z","2019-02-23T17:04:25.350Z"
"110",66346,14354,14361,"1993-07-01T00:00:00.000Z","directed","predation","observation",12,0.021373333,NA,TRUE,1102,"2019-02-26T23:22:58.141Z","2019-02-26T23:22:58.141Z",12,"dietary matrix","Proportions of the consumer diets made up by the prey.",NA,"2019-02-23T17:04:25.350Z","2019-02-23T17:04:25.350Z"
"111",66347,14354,14362,"1993-07-01T00:00:00.000Z","directed","predation","observation",12,0.022857712,NA,TRUE,1102,"2019-02-26T23:22:58.216Z","2019-02-26T23:22:58.216Z",12,"dietary matrix","Proportions of the consumer diets made up by the prey.",NA,"2019-02-23T17:04:25.350Z","2019-02-23T17:04:25.350Z"
"112",66348,14354,14363,"1993-07-01T00:00:00.000Z","directed","predation","observation",12,0.026272174,NA,TRUE,1102,"2019-02-26T23:22:58.268Z","2019-02-26T23:22:58.268Z",12,"dietary matrix","Proportions of the consumer diets made up by the prey.",NA,"2019-02-23T17:04:25.350Z","2019-02-23T17:04:25.350Z"
"113",66349,14354,14364,"1993-07-01T00:00:00.000Z","directed","predation","observation",12,0.607824801,NA,TRUE,1102,"2019-02-26T23:22:58.331Z","2019-02-26T23:22:58.331Z",12,"dietary matrix","Proportions of the consumer diets made up by the prey.",NA,"2019-02-23T17:04:25.350Z","2019-02-23T17:04:25.350Z"
"114",66350,14354,14365,"1993-07-01T00:00:00.000Z","directed","predation","observation",12,3.66105e-05,NA,TRUE,1102,"2019-02-26T23:22:58.381Z","2019-02-26T23:22:58.381Z",12,"dietary matrix","Proportions of the consumer diets made up by the prey.",NA,"2019-02-23T17:04:25.350Z","2019-02-23T17:04:25.350Z"
"115",66351,14354,14366,"1993-07-01T00:00:00.000Z","directed","herbivory","observation",12,8.22759e-07,NA,TRUE,1102,"2019-02-26T23:22:58.433Z","2019-02-26T23:22:58.433Z",12,"dietary matrix","Proportions of the consumer diets made up by the prey.",NA,"2019-02-23T17:04:25.350Z","2019-02-23T17:04:25.350Z"
"116",66352,14355,14360,"1993-07-01T00:00:00.000Z","directed","predation","observation",12,0.836582541,NA,TRUE,1102,"2019-02-26T23:22:58.487Z","2019-02-26T23:22:58.487Z",12,"dietary matrix","Proportions of the consumer diets made up by the prey.",NA,"2019-02-23T17:04:25.350Z","2019-02-23T17:04:25.350Z"
"117",66353,14355,14361,"1993-07-01T00:00:00.000Z","directed","predation","observation",12,0.015494707,NA,TRUE,1102,"2019-02-26T23:22:58.540Z","2019-02-26T23:22:58.540Z",12,"dietary matrix","Proportions of the consumer diets made up by the prey.",NA,"2019-02-23T17:04:25.350Z","2019-02-23T17:04:25.350Z"
"118",66354,14355,14362,"1993-07-01T00:00:00.000Z","directed","predation","observation",12,0.000555012,NA,TRUE,1102,"2019-02-26T23:22:58.593Z","2019-02-26T23:22:58.593Z",12,"dietary matrix","Proportions of the consumer diets made up by the prey.",NA,"2019-02-23T17:04:25.350Z","2019-02-23T17:04:25.350Z"
"119",66355,14355,14363,"1993-07-01T00:00:00.000Z","directed","predation","observation",12,0.00076029,NA,TRUE,1102,"2019-02-26T23:22:58.649Z","2019-02-26T23:22:58.649Z",12,"dietary matrix","Proportions of the consumer diets made up by the prey.",NA,"2019-02-23T17:04:25.350Z","2019-02-23T17:04:25.350Z"
"120",66356,14355,14364,"1993-07-01T00:00:00.000Z","directed","predation","observation",12,0.146607451,NA,TRUE,1102,"2019-02-26T23:22:58.710Z","2019-02-26T23:22:58.710Z",12,"dietary matrix","Proportions of the consumer diets made up by the prey.",NA,"2019-02-23T17:04:25.350Z","2019-02-23T17:04:25.350Z"
"121",66357,14356,14358,"1993-07-01T00:00:00.000Z","directed","predation","observation",12,0.106633711,NA,TRUE,1102,"2019-02-26T23:22:58.765Z","2019-02-26T23:22:58.765Z",12,"dietary matrix","Proportions of the consumer diets made up by the prey.",NA,"2019-02-23T17:04:25.350Z","2019-02-23T17:04:25.350Z"
"122",66358,14356,14361,"1993-07-01T00:00:00.000Z","directed","predation","observation",12,0.133201527,NA,TRUE,1102,"2019-02-26T23:22:58.808Z","2019-02-26T23:22:58.808Z",12,"dietary matrix","Proportions of the consumer diets made up by the prey.",NA,"2019-02-23T17:04:25.350Z","2019-02-23T17:04:25.350Z"
"123",66359,14356,14362,"1993-07-01T00:00:00.000Z","directed","predation","observation",12,0.161968301,NA,TRUE,1102,"2019-02-26T23:22:58.851Z","2019-02-26T23:22:58.851Z",12,"dietary matrix","Proportions of the consumer diets made up by the prey.",NA,"2019-02-23T17:04:25.350Z","2019-02-23T17:04:25.350Z"
"124",66360,14356,14363,"1993-07-01T00:00:00.000Z","directed","predation","observation",12,0.310057002,NA,TRUE,1102,"2019-02-26T23:22:58.904Z","2019-02-26T23:22:58.904Z",12,"dietary matrix","Proportions of the consumer diets made up by the prey.",NA,"2019-02-23T17:04:25.350Z","2019-02-23T17:04:25.350Z"
"125",66361,14356,14364,"1993-07-01T00:00:00.000Z","directed","predation","observation",12,0.268552165,NA,TRUE,1102,"2019-02-26T23:22:58.957Z","2019-02-26T23:22:58.957Z",12,"dietary matrix","Proportions of the consumer diets made up by the prey.",NA,"2019-02-23T17:04:25.350Z","2019-02-23T17:04:25.350Z"
"126",66362,14356,14365,"1993-07-01T00:00:00.000Z","directed","predation","observation",12,0.019587294,NA,TRUE,1102,"2019-02-26T23:22:59.008Z","2019-02-26T23:22:59.008Z",12,"dietary matrix","Proportions of the consumer diets made up by the prey.",NA,"2019-02-23T17:04:25.350Z","2019-02-23T17:04:25.350Z"
"127",66363,14357,14358,"1993-07-01T00:00:00.000Z","directed","predation","observation",12,0.275356461,NA,TRUE,1102,"2019-02-26T23:22:59.061Z","2019-02-26T23:22:59.061Z",12,"dietary matrix","Proportions of the consumer diets made up by the prey.",NA,"2019-02-23T17:04:25.350Z","2019-02-23T17:04:25.350Z"
"128",66364,14357,14361,"1993-07-01T00:00:00.000Z","directed","predation","observation",12,0.013017168,NA,TRUE,1102,"2019-02-26T23:22:59.114Z","2019-02-26T23:22:59.114Z",12,"dietary matrix","Proportions of the consumer diets made up by the prey.",NA,"2019-02-23T17:04:25.350Z","2019-02-23T17:04:25.350Z"
"129",66365,14357,14362,"1993-07-01T00:00:00.000Z","directed","predation","observation",12,0.590823454,NA,TRUE,1102,"2019-02-26T23:22:59.171Z","2019-02-26T23:22:59.171Z",12,"dietary matrix","Proportions of the consumer diets made up by the prey.",NA,"2019-02-23T17:04:25.350Z","2019-02-23T17:04:25.350Z"
"130",66366,14357,14363,"1993-07-01T00:00:00.000Z","directed","predation","observation",12,0.01604171,NA,TRUE,1102,"2019-02-26T23:22:59.231Z","2019-02-26T23:22:59.231Z",12,"dietary matrix","Proportions of the consumer diets made up by the prey.",NA,"2019-02-23T17:04:25.350Z","2019-02-23T17:04:25.350Z"
"131",66367,14357,14364,"1993-07-01T00:00:00.000Z","directed","predation","observation",12,0.00431906,NA,TRUE,1102,"2019-02-26T23:22:59.283Z","2019-02-26T23:22:59.283Z",12,"dietary matrix","Proportions of the consumer diets made up by the prey.",NA,"2019-02-23T17:04:25.350Z","2019-02-23T17:04:25.350Z"
"132",66368,14357,14365,"1993-07-01T00:00:00.000Z","directed","predation","observation",12,0.100442147,NA,TRUE,1102,"2019-02-26T23:22:59.341Z","2019-02-26T23:22:59.341Z",12,"dietary matrix","Proportions of the consumer diets made up by the prey.",NA,"2019-02-23T17:04:25.350Z","2019-02-23T17:04:25.350Z"
"133",66369,14358,14359,"1993-07-01T00:00:00.000Z","directed","predation","observation",12,0.014422745,NA,TRUE,1102,"2019-02-26T23:22:59.394Z","2019-02-26T23:22:59.394Z",12,"dietary matrix","Proportions of the consumer diets made up by the prey.",NA,"2019-02-23T17:04:25.350Z","2019-02-23T17:04:25.350Z"
"134",66370,14358,14355,"1993-07-01T00:00:00.000Z","directed","predation","observation",12,0.013557381,NA,TRUE,1102,"2019-02-26T23:22:59.454Z","2019-02-26T23:22:59.454Z",12,"dietary matrix","Proportions of the consumer diets made up by the prey.",NA,"2019-02-23T17:04:25.350Z","2019-02-23T17:04:25.350Z"
"135",66372,14358,14361,"1993-07-01T00:00:00.000Z","directed","predation","observation",12,0.306994052,NA,TRUE,1102,"2019-02-26T23:22:59.563Z","2019-02-26T23:22:59.563Z",12,"dietary matrix","Proportions of the consumer diets made up by the prey.",NA,"2019-02-23T17:04:25.350Z","2019-02-23T17:04:25.350Z"
"136",66373,14358,14362,"1993-07-01T00:00:00.000Z","directed","predation","observation",12,0.531995884,NA,TRUE,1102,"2019-02-26T23:22:59.623Z","2019-02-26T23:22:59.623Z",12,"dietary matrix","Proportions of the consumer diets made up by the prey.",NA,"2019-02-23T17:04:25.350Z","2019-02-23T17:04:25.350Z"
"137",66374,14358,14363,"1993-07-01T00:00:00.000Z","directed","predation","observation",12,0.037259189,NA,TRUE,1102,"2019-02-26T23:22:59.701Z","2019-02-26T23:22:59.701Z",12,"dietary matrix","Proportions of the consumer diets made up by the prey.",NA,"2019-02-23T17:04:25.350Z","2019-02-23T17:04:25.350Z"
"138",66375,14358,14364,"1993-07-01T00:00:00.000Z","directed","predation","observation",12,0.005444077,NA,TRUE,1102,"2019-02-26T23:22:59.763Z","2019-02-26T23:22:59.763Z",12,"dietary matrix","Proportions of the consumer diets made up by the prey.",NA,"2019-02-23T17:04:25.350Z","2019-02-23T17:04:25.350Z"
"139",66376,14358,14365,"1993-07-01T00:00:00.000Z","directed","predation","observation",12,0.03146714,NA,TRUE,1102,"2019-02-26T23:22:59.812Z","2019-02-26T23:22:59.812Z",12,"dietary matrix","Proportions of the consumer diets made up by the prey.",NA,"2019-02-23T17:04:25.350Z","2019-02-23T17:04:25.350Z"
"140",66377,14358,14366,"1993-07-01T00:00:00.000Z","directed","herbivory","observation",12,0.000166718,NA,TRUE,1102,"2019-02-26T23:22:59.874Z","2019-02-26T23:22:59.874Z",12,"dietary matrix","Proportions of the consumer diets made up by the prey.",NA,"2019-02-23T17:04:25.350Z","2019-02-23T17:04:25.350Z"
"141",66315,14351,14356,"1993-07-01T00:00:00.000Z","directed","predation","observation",12,0.160165826,NA,TRUE,1102,"2019-02-26T23:22:56.385Z","2019-02-26T23:22:56.385Z",12,"dietary matrix","Proportions of the consumer diets made up by the prey.",NA,"2019-02-23T17:04:25.350Z","2019-02-23T17:04:25.350Z"
